{
    "cash": 140.99326933353177,
    "profit": 17980.99326933338,
    "active": 21024.143806253847,
    "holding": 6328.6311925939035
}