{
    "cash": 7.597847743546961,
    "profit": 3987.5978477435356,
    "active": 7168.161146919091,
    "holding": 4571.818250674107
}