{
    "cash": 10120.063747737187,
    "profit": 48750.063747737324,
    "active": 36033.73761380654,
    "holding": 9711.263282665264
}